substituent,Name,Smiles_Pattern,Smarts_Pattern,Sigma_m,Sigma_P,F_b,R_c
BF2,0.32,0.48,0.26,0.22
Br,0.39,0.23,0.45,-0.22
GeBr3,0.66,0.73,0.61,0.12
SiBr3,0.48,0.57,0.44,0.13
Cl,0.37,0.23,0.42,-0.19
HgCl,0.33,0.35,0.33,0.02
S02Cl,1.2,1.11,1.16,(-0.05)
SCl,0.44,0.48,0.42,0.06
ICl2,1.1,1.11,1.03,0.08
P(O)Cl2,0.78,0.9,0.7,0.2
PCl2,0.54,0.61,0.5,0.11
P(S)Cl2,0.7,0.8,0.63,0.17
GeCl3,0.71,0.79,0.65,0.14
SiCl3,0.48,0.56,0.44,0.12
F,0.34,0.06,0.45,-0.39
HgF,0.34,0.33,0.35,-0.02
SOF,0.74,0.83,0.67,0.16
SO2F,0.8,0.91,0.72,0.19
IF2,0.85,0.83,0.82,0.01
POF2,0.81,0.89,0.74,0.15
PF2,0.49,0.59,0.44,0.15
GeF3,0.85,0.97,0.76,0.21
SF3,0.7,0.8,0.63,0.17
SiF3,0.54,0.69,0.47,0.22
IF4,1.07,1.15,0.98,0.17
PF4,0.63,0.8,0.54,0.26
SF5,0.61,0.68,0.56,0.12
I,0.35,0.18,0.42,-0.24
IO,0.58,0.62,0.55,0.07
I02,0.68,0.78,0.61,0.17
NO,0.62,0.91,0.49,0.42
NO2,0.71,0.78,0.65,0.13
ONO2,0.55,0.7,0.48,0.22
N=N+,1.76,1.91,1.58,0.33
N=N+(BF4)-,1.65,1.79,1.48,0.31
NNO2-,0,-0.43,0.2,-0.63
N3,0.37,0.08,0.48,-0.4
O-,-0.47,(-0.81),-0.26,(-0.55)
SO2-,-0.02,-0.05,0.03,-0.08
S03-,0.3,0.35,0.29,0.06
S-,-0.36,-1.21,0.03,-1.24
As03H-,0,-0.02,0.04,-0.06
H,0,0,0.03,0
NHNO2,0.91,0.57,0.99,-0.42
OH,0.12,-0.37,0.33,-0.7
S(0)0H,-0.04,-0.07,0.01,-0.08
PO3H-,0.2,0.26,0.19,0.07
OPO3H-,0.29,0,0.41,-0.41
SH,0.25,0.15,0.3,-0.15
B(OH)2,-0.01,0.12,-0.03,0.15
NH2,-0.16,-0.66,0.08,-0.74
NHOH,-0.04,-0.34,0.11,-0.45
SO2NH2,0.53,0.6,0.49,0.11
PO(OH)2,0.36,0.42,0.34,0.08
PH2,0.06,0.05,0.09,-0.04
B(OH)3-,-0.48,-0.44,-0.42,-0.02
GeH3,0.00,0.01,0.03,-0.02
NH3+,0.86,0.60,0.92,-0.32
NHNH2,-0.02,-0.55,0.22,-0.77
SiH3,0.05,0.10,0.06,0.04
CBr3,0.28,0.29,0.28,0.01
CClF2,0.42,0.46,0.40,0.06
5-chloro-1-tetrazolyl,0.60,0.61,0.58,0.03
COCl,0.51,0.61,0.46,0.15
N=CCl2,0.21,0.13,0.26,-0.13
CCl3,0.40,0.46,0.38,0.09
0CCl3,0.43,0.35,0.46,-0.11
COF,0.55,0.70,0.48,0.22
0CF20,0.36,0.36,0.36,0.00
CF3,0.43,0.54,0.38,0.16
HgCF3,0.29,0.32,0.29,0.03
HgSCF3,0.39,0.42,0.38,0.04
I=NSO2CF3,1.30,1.35,1.20,0.15
N=NCF3,0.56,0.68,0.50,0.18
OCF3,0.38,0.35,0.39,-0.Q4
SOCF3,0.63,0.69,0.58,0.11
SeOCF3,0.81,0.83,0.76,0.07
SO2CF3,0.83,0.96,0.74,0.22
Se02CF3,1.08,1.21,0.97,0.24
OSO2CF3,0.56,0.53,0.56,-0.03
SCF3,0.40,0.50,0.36,0.14
SeCF3,0.44,0.45,0.43,0.02
HgCN,0.28,0.34,0.27,0.08
CN,0.56,0.66,0.51,0.15
NC,0.48,0.49,0.47,0.02
CN(BBr3),0.61,0.48,0.64,-0.16
CN(BCl3),0.95,0.86,(0.93),(-0.05)
CN(BF3),0.72,0.66,(0.71),(-0.05)
N=C=0,0.27,0.19,0.31,-0.12
OCN,0.67,0.54,0.69,-0.15
SO2CN,1.10,1.26,0.97,0.29
N=C=S,0.48,0.38,0.51,-0.13
SCN,0.51,0.52,0.49,0.03
SeCN,0.61,0.66,0.57,0.09
N=NCN,0.71,1.03,0.56,0.47
N(0)=NCN,0.78,0.89,0.70,0.19
C(N02)3,0.72,0.82,0.65,0.17
5-azido-1-tetrazolyl,0.54,0.54,0.53,0.01
co2-,-0.10,0.00,-0.10,0.10
CHBr2,0.31,0.32,0.31,0.01
CHCl2,0.31,0.32,0.31,0.01
ochci2,0.38,0.26,0.43,-0.17
chf2,0.29,0.32,0.29,0.03
OCHF2,0.31,0.18,0.37,-0.19
SOchf2,0.54,0.58,0.51,0.07
SO2chf2,0.75,0.86,0.67,0.19
schf2,0.33,0.37,0.32,0.05
S(0)(=NH)CF3,0.72,0.84,0.64,0.20
NHSO2CF3,0.44,0.39,0.45,-0.06
chi2,0.26,0.26,0.27,-0.01
NHCN,0.21,0.06,0.28,-0.22
l-(lif)-tetrazolyl,0.52,0.50,0.52,-0.02
5-(lH)-tetrazolyl,0.64,0.56,0.65,-0.09
5-hydroxy-1-tetrazolyl,0.39,0.33,0.41,-0.08
5-mercapto-1-tetrazolyl,0.45,0.45,0.44,-0.01
N-sulfonyl triazene等待,0.30,0.19,0.35,-0.16
CHO,0.35,0.42,0.33,0.09
COOH,0.37,0.45,0.34,0.11
CH2Br,0.12,0.14,0.14,0.00
CH2Cl,0.11,0.12,0.13,-0.01
OCH2Cl,0.25,0.08,0.33,-0.25
ch2f,0.12,0.11,0.15,-0.04
och2f,0.20,0.02,0.29,-0.27
sch2f,0.23,0.20,0.25,-0.05
ch2i,0.10,0.11,0.12,-0.01
NHCHO,0.19,0.00,0.28,-0.28
coNH2,0.28,0.36,0.26,0.10
csNH2,0.25,0.30,0.24,0.06
CH=NOH-f,0.22,0.10,0.28,-0.18
"3,4-N=CHNH-",-0.15,-0.15,-0.10,-0.05
N(0)=NCONH2,0.59,0.63,0.56,0.07
och2o-,-0.16,-0.16,-0.11,-0.05
Me,-0.07,-0.17,0.01,-0.18
ch2SO2r,0.15,0.17,0.16,0.01
SiMeCl2,0.31,0.39,0.29,0.10
SiMeF2,0.29,0.23,0.32,-0.09
HgMe,0.43,0.10,(0.55),(-0.45)
NHch2SO3,-0.10,-0.57,0.12,-0.69
NHcoNH2,-0.03,-0.24,0.09,-0.33
N(Me)N02,0.49,0.61,0.43,0.18
NHCSNHj,0.22,0.16,0.26,-0.10
OMe,0.12,-0.27,0.29,-0.56
CH2OH,0.00,0.00,0.03,-0.03
SOMe,0.52,0.49,0.52,-0.03
S(OMe),0.21,0.17,0.24,-0.07
OS(=0)CH3,0.44,0.45,0.43,0.02
S(0)OMe,0.50,0.54,0.47,0.07
S02Me,0.60,0.72,0.53,0.19
SS02Me,0.43,0.54,0.38,0.16
0S02Me,0.39,0.36,0.40,-0.04
SMe,0.15,0.00,0.23,-0.23
SSMe,0.22,0.13,0.27,-0.14
SeMe,0.10,0.00,0.16,-0.16
NHMe,-0.21,-0.70,0.03,-0.73
CH2NH2,-0.03,-0.11,0.04,-0.15
NHS02Me,0.20,0.03,0.28,-0.25
CH2NH3+,0.59,0.53,0.59,-0.06
N(COF)2,0.58,0.57,0.57,0.00
HgOCOCF3,0.50,0.52,0.48,0.04
cOCF3,0.63,0.80,0.54,0.26
scOCF3,0.48,0.46,0.48,-0.02
OCOCF3,0.56,0.46,0.58,-0.12
N(CF3)C=0(F),0.50,0.50,0.49,0.01
CF2OCF2-,0.81,0.81,0.77,0.04
CF2CF3,0.47,0.52,0.44,0.08
OCF2CF3,0.48,0.28,0.55,-0.27
S02CF2CF3,0.92,1.08,0.81,0.27
sCF2CF3,0.44,0.48,0.42,0.06
N(CF3)2,0.40,0.53,(0.35),0.18
S(CF3)=NSOjCF3,1.18,1.28,1.07,0.21
S0(CF3)=NS02CF3,1.23,1.40,1.09,0.31
N(S02CF3)2,0.61,0.83,0.50,0.33
P(CF3)2,0.60,0.69,0.55,0.14
p(CN)2,0.82,0.90,0.75,0.15
C=CH,0.21,0.23,0.22,0.01
OCFjCHFCl,0.35,0.28,0.38,-0.10
NHcOCF3,0.30,0.12,0.38,-0.26
ch=NSO2CF3,0.76,1.00,0.63,0.37
OCF2chf2,0.34,0.25,0.38,-0.13
sCF2chf2,0.38,0.47,0.35,0.12
disulfanyl imide等待,0.63,0.64,0.60,0.04
SC^CH,0.26,0.19,0.30,-0.11
SCH=CHCl,0.31,0.24,0.34,-0.10
SeCH=CHCl,0.28,0.26,0.30,-0.04
CH2CF3,0.12,0.09,0.15,-0.06
ch2sOCF3,0.25,0.24,0.27,-0.03
ch2SO2CF3,0.29,0.31,0.29,0.02
ch2sCF3,0.12,0.15,0.13,0.02
ch2CN,0.16,0.18,0.17,0.01
CH=CHNOrt,0.32,0.26,0.35,(-0.09)
ch2co2-,0.07,-0.16,0.19,-0.35
CH2SCN,0.12,0.14,0.14,0.00
ch==ch2,0.06,-0.04,0.13,-0.17
NHcoch2ci,0.17,-0.03,0.27,-0.30
N(Me)S02CF3,0.46,0.44,0.46,-0.02
HgOCOCH3,0.39,0.40,0.39,0.01
C(Me)(N02)2,0.54,0.61,0.50,0.11
oxiranyl,0.05,0.03,0.09,-0.06
och=ch2,0.21,-0.09,0.34,-0.43
COMe,0.38,0.50,0.33,0.17
SCOMe,0.39,0.44,0.37,0.07
OCOMe,0.39,0.31,0.42,-0.11
COOMe,0.37,0.45,0.34,0.11
2-thiacyclopropyl,0.04,0.01,0.08,-0.07
sch=ch2,0.26,0.20,0.29,-0.09,
SeCH=CH2,0.26,0.21,0.29,-0.08
1-aziridinyl,-0.07,-0.22,0.03,-0.25
2-aziridinyl,-0.06,-0.10,-0.01,-0.09
N-methyl-3-oxaziridinyl,0.09,0.12,0.10,0.02
NHCOOMe,-0.02,-0.17,0.07,-0.24
NHCOMe,0.21,0.00,0.31,-0.31
CONHMe,0.35,0.36,0.35,-0.01
CH=NOMe,0.37,0.30,0.40,0.10
CH2CONH2,0.06,0.07,0.08,-0.01
NHCSMe,0.24,0.12,0.30,-0.18
CSNHMe,0.30,0.34,0.29,0.05
ch=NNHcsNH2,0.45,0.40,0.46,-0.06
och2ch2o-,-0.12,-0.12,-0.08,-0.04
Et,-0.07,-0.15,0.00,-0.15
ch=NNHcoNHNH2,0.22,0.16,0.26,-0.10
och2ch3,0.10,-0.24,0.26,-0.50
CH(OH)Me,0.08,-0.07,0.16,-0.23
CHjOMe,0.08,0.01,0.13,-0.12
SOgEt,0.66,0.77,0.59,0.18
SEt,0.18,0.03,0.26,-0.23
P(Cl)NMes,0.38,0.56,0.31,0.25
CHjSC(NH2)2+,0.13,0.15,0.14,0.01
SiClMe2,0.16,0.21,0.16,0.05
SiFMe2,0.12,0.17,0.12,0.04
NHEt,-0.24,-0.61,-0.04,-0.57
N(Me)2,-0.16,-0.83,0.15,-0.98
N(Me)S02Me,0.21,0.24,0.21,0.03
S02NMe2,0.51,0.65,0.44,0.21
N(S02Me)2,0.47,0.49,0.45,0.04
SN(Me)2,0.12,0.09,0.15,-0.06
N=NNMe2,-0.05,-0.03,-0.02,-0.01
N(Me)N+=(Me)N-,1.17,1.17,1.10,0.07
P(0)Me2,0.43,0.50,0.40,0.10
PO(OMe)2,0.42,0.53,0.37,0.16
PMe2,0.03,0.06,0.05,0.01
S+Me2,1.00,0.90,0.98,-0.08
S+(Me)2tosyl,1.06,0.96,1.04,-0.08
CH2CH2NH3+,0.23,0.17,0.27,-0.10
SiH(Me)2,0.01,0.04,0.03,0.01
"1-(1,7(BH)10-C2H)",0.25,0.33,0.23,0.10
"2-(l,7(BH)10-C2H)",0.14,0.15,0.16,-0.01
"4-(l,7(BH)10-C2H)",-0.02,0.02,0.00,0.02
"1-(1,2(BH)10-C2H)",0.49,0.43,0.50,-0.07
"3-(l,2(BH)10-C2H)",0.20,0.19,0.22,-0.03
c=cCF3,0.41,0.51,0.37,0.14
CF=CFCF3-t,0.39,0.46,0.36,0.10
N=C(CF3)2,0.29,0.23,0.32,-0.09
CF2CF2CF3,0.44,0.48,0.42,0.06
CF(CF3)2,0.37,0.53,(0.31),0.22
S02CF2CF2CF3,0.92,1.09,0.81,0.28
S02CF(CF3)2,0.92,1.10,0.80,0.30
sCF2CF2CF3,0.45,0.48,0.43,0.05
SCF(CF3)2,0.48,0.51,0.46,0.03
TeCF2CF2CF3,0.46,0.48,0.45,0.03
C(OH)(CF3)2,0.29,0.30,0.29,0.01
CH(SCF3)2,0.44,0.44,0.43,0.01
CH(CN)2,0.53,0.52,0.52,0.00
CH=CHCF3-c,0.16,0.17,0.18,0.01
CH=CHCF3-t,0.24,0.27,0.24,0.03
ch=chSO2CF3,0.31,0.55,0.22,0.33
CH=CHCN,0.24,0.17,0.28,-0.11
C^CMe,0.21,0.03,0.29,-0.26
N(Me)COCF3,0.41,0.39,0.41,-0.02
CH=CHCHO,0.24,0.13,0.29,-0.16
cyclopropyl,-0.07,-0.21,0.02,-0.23
C(Me)=CH2,0.09,0.05,0.13,-0.08
CH=CHMe-t,0.02,-0.09,0.09,-0.18
CH2CH=CH2,-0.11,-0.14,-0.06,-0.08
C(Et)(N02)2,0.56,0.64,0.51,0.13
OCH2CH=CH2,0.09,-0.25,0.25,-0.50
COEt,0.38,0.48,0.34,0.14
COOEt,0.37,0.45,0.34,0.11
CH2OCOMe,0.04,0.05,0.07,-0.02
CH2CH2COOH,-0.03,-0.07,0.02,-0.09
sch2ch=ch2,0.19,0.12,0.23,-0.11
SeCH2CH=CH2,0.21,0.12,0.26,-0.14
CH2CH2CH2-,-0.26,-0.26,-0.20,-0.06
N(Me)COMe,0.31,0.26,0.34,-0.08
CH2NHCOMe,0.05,-0.05,0.12,-0.i7
NHCOOEt,0.11,-0.15,0.23,-0.38
C(N02)Me2,0.18,0.20,0.19,0.01
och2ch2ch2o-,0.00,0.00,0.03,-0.03
isopropyl,-0.04,-0.15,0.04,-0.19
ch2ch2ch3,-0.06,-0.13,0.01,-0.14
N+(Me)=*CHN(Me)-,1.11,1.11,1.05,0.06
NHCONHEt,0.04,-0.26,0.19,-0.45
NHCSNHEt,0.30,0.07,0.40,-0.33
OCHMe2,0.10,(-0.45),0.34,(-0.79)
OCH2CH2CH3,0.10,-0.25,0.26,-0.51
CH2CH(OH)Me,-0.12,-0.17,-0.06,-0.11
C(OOH)Me2,0.06,-0.14,0.17,-0.31
SCHMe2,0.23,0.07,0.30,-0.23
CH2NMe2,0.00,0.01,0.03,-0.02,
GeMe3,0.00,0.00,0.03,-0.03
N+(Me)3,0.88,0.82,0.86,-0.04
CH2NH+(Me)2,0.40,0.43,0.39,0.04
Si(Me)2OMe,0.04,-0.02,0.09,-0.11
OSiMe3,0.13,-0.27,0.31,-0.58
SiMe(OMe)2,0.04,0.10,0.05,0.05
Si(OMe)3,0.09,0.13,0.10,0.03
P+Me3,0.74,0.73,0.71,0.02
SiMe3,-0.04,-0.07,0.01,-0.08
SNMe3,0.00,0.00,0.03,-0.03
"l-(l,2-(BH)10-C2Me)",0.50,0.65,0.43,0.22
"CH2-1-(1,7-(BH)10-C2H)",0.00,0.01,0.03,-0.02
"CH2-1,-(1,2-,(BH),w-C2H)",0.12,0.12,0.14,-0.02
"l-(l,2-(BH)10-C3H3HgCH3)",0.86,0.85,0.82,0.03
2-(hydroxymethyl) carboran-1-yl,0.38,0.49,0.34,0.15
I(OCOCF3)2,1.28,1.34,1.18,0.16
cyclo-C4F7,0.48,0.53,0.45,0.08
COCF2CF2CF3,0.63,0.79,0.55,0.24
C(CF3)3,0.55,0.55,0.53,0.02
(CF2)3CF3,0.47,0.52,0.44,0.08
S02C(CF3)3,0.96,1.13,0.84,0.29
SC(CF3)3,0.51,0.58,0.47,0.11
C(SCF3)3,0.51,0.53,0.49,0.04
SeC(CF3)3,0.49,0.54,0.46,0.08
C(CN)3,0.97,0.96,0.92,0.04
cyclo-l-(OH)C4F6,0.36,0.37,0.36,0.01
CH=C(CN)2,0.66,0.84,0.57,0.27
2-(5-bromofuryl),0.15,0.00,0.23,-0.23
等待,0.33,0.27,0.36,-0.09
"3-chloro-l-pyrroline-2,5-dione",0.47,0.46,0.47,-0.01
3-pyridazinyl,0.28,0.48,0.21,0.27
"3,4-CH=CHCH=CH-",0.04,0.04,0.07,-0.03
C(Me)(CN)2,0.60,0.57,0.59,-0.02
4-pyrimidinyl,0.30,0.63,0.18,0.45
2-pyrimidinyl,0.23,0.53,0.13,0.40
5-pyrimidinyl,0.28,0.39,0.25,0.14
2-furyl,0.06,0.02,0.10,-0.08
2-thienyl,0.09,0.05,0.13,-0.08
3-thienyl,0.03,-0.02,0.08,-0.10
2-selenienyl,0.06,0.04,0.10,-0.06
2-tellurienyl,0.06,0.03,0.10,-0.07
1-pyrryl,0.47,0.37,0.50,-0.13
"l-pyrroline-2,5-dione",0.34,0.31,0.36,-0.05
CH=CHCOMe,0.21,-0.01,0.31,-0.32
I(OCOMe)2,0.85,0.88,0.80,0.08
N(COMe)2,0.35,0.33,0.36,-0.03
cyclobutyl,-0.05,-0.14,0.02,-0.16
COCHMe2,0.38,0.47,0.35,0.12
(CH2)4,-0.48,-0.48,-0.40,-0.08
NHCOCH(Me)2,0.11,-0.10,0.21,-0.31
C(Me)3,-0.10,-0.20,-0.02,-0.18
CH(Me)Et,-0.08,-0.12,-0.02,-0.10
CH2CH(Me)2,-0.07,-0.12,-0.01,-0.11
(CH2)3CH3,-0.08,-0.16,-0.01,M).15
0(CH2)3CH3,0.10,-0.32,0.29,-0.61
CH2C(OH)Me2,-6.16,-0.17,-0.11,-0.06
C(OMe)3,-0.03,-0.04,0.01,-0.05
AsEt^,0.22,0.00,0.32,-0.32
AsiOJEt^,0.57,0.44,0.60,-0.16
AsiSJE^,0.52,0.44,0.54,-0.10
NH(CH2)3CH3,-0.34,-0.51,-0.21,-0.30
N(Et)2,-0.23,-0.72,0.01,-0.73
PO(Et)2,0.37,0.47,0.33,0.14
N=NPO(OEt)2,(0.16),0.74,(-0.05),(0.79)
PO(OEt)2,0.55,0.60,0.52,0.08
P(Et)2,0.10,0.13,0.11,0.02
P(S)Et2,0.39,0.46,0.36,0.10
CH2N(Me)3+,0.40,0.44,0.38,0.06
CH2CH2NH(Me)2+,0.24,0.14,0.29,-0.15
CH2OSi(CH3)3,-0.04,-0.05,0.00,-0.05
CH2Si(Me)3,-0.16,-0.21,-0.09,-0.12
PO(N(Me)2)2,0.30,0.40,0.27,0.13
P(N(Me)2)2,0.18,0.25,0.17,0.08
2-(methylcarbonyl)carboran-l-yl,0.40,0.63,0.31,0.32
2-[(carbonyloxy)methyl]carboran-l-yl,0.70,0.74,0.66,0.08
"CH2-l-(l,2-(BH)10-C2Me)",0.10,0.11,0.12,-0.01
C(CN)=C(CN)2,0.77,0.98,0.65,0.33
2-(5-cyanofuryl),0.25,0.10,0.32,-0.22
2-(5-formylfuryl),0.22,-0.05,0.34,-0.39
2-pyridyl,0.33,0.17,0.40,-0.23
3-pyridyl,0.23,0.25,0.24,0.01
4-pyridyl,0.27,0.44,0.21,0.23
"2-(4,6-dimethyl-s-triazinyl)",0.25,0.39,0.21,0.18
1-cyclopentenyl,-0.06,-0.05,-0.03,-0.02
CH=CHCOOEt,0.19,0.03,0.27,-0.24
cyclopentyl,-0.05,-0.14,0.02,-0.16
COC(Me)3,0.27,0.32,0.26,0.06
NHC02(CH2)3CH3,0.06,-0.05,0.13,-0.18
C(Et)(Me)2,-0.06,-0.18,0.03,-0.21
CH2C(Me)3,-0.05,-0.17,0.03,-0.14
(CH2)4CH3,-0.08,-0.15,-0.01,-0.14
0(CH2)4CH3,0.10,(-0.34),0.29,(-0.63)
CH2PO(OEt)2,0.12,0.06,0.17,-0.11
CH2CH2N(Me)3+,0.16,0.13,0.19,-0.06
CH2CH2Si(Me)3,-0.16,-0.17,-0.11,-0.06
Si(Me)2OSi(Me)3,0.00,-0.01,0.04,-0.05
CeCls,0.25,0.24,0.27,-0.03
C6F6,0.26,0.27,0.27,0.00
P(0)(C3Fv)2,0.95,1.10,0.84,0.26
0P(0)(C3F7)2,0.66,0.56,0.67,-0.11
NHP(0)(C3F7)2,0.28,0.18,0.33,-0.15
CH2Co(CN)63-,-0.53,-0.68,-0.39,-0.29
CH2Mn(CO)6,-0.14,-0.44,0.02,-0.46
"C6H2-2,4,6-(N02)3",0.26,0.30,0.26,0.04
C6H4-3-Br,0.09,0.08,0.12,-0.04
C6H4-4-Br,0.15,0.12,0.18,-0.06
C6H4-3-Cl,0.15,0.10,0.19,-0.09
C6H4-4-Cl,0.15,0.12,0.18,-0.06
C6H4-3-F,0.15,0.10,0.19,-0.09
C6H4-4-F,0.12,0.06,0.17,-0.11
OC6H4-4-F,-0.08,-0.10,-0.03,-0.07
C6H4-3-I,0.13,0.06,0.18,-0.12
C6H4-4-I,0.14,0.10,0.18,-0.08
C6H4-3-N02,0.21,0.20,0.23,-0.03
C6H4-4-N02,0.25,0.26,0.26,0.00
SC6H4-4-N02,0.32,0.24,0.36,-0.12
S0C6H4-4-N02,0.58,0.60,0.55,0.05
2-benzotriazolyl,0.49,0.51,0.47,0.04
c6h6,0.06,-0.01,0.12,-0.13
N(0)=NS02C6H6,0.69,0.79,0.62,0.17
n=nc6h5,0.32,0.39,0.30,0.09
oc6h6,0.25,-0.03,0.37,-0.40
SOc6h6,0.50,0.44,0.51,-0.07
2-(5-acetylfuryl),0.24,0.08,0.31,-0.23
2-(6-methylpyronyl),0.38,0.43,0.36,0.07
SO2c6h5,0.62,0.68,0.58,0.10
oSO2c6h6,0.36,0.33,0.37,-0.04
sc6h6,0.23,0.07,0.30,-0.23
NHc6h6,-0.02,-0.56,0.22,-0.78
hnSO2c6h5,0.16,0.01,0.24,-0.23
SO2NHc6h6,0.56,0.65,0.51,0.14
2-(5-ethylfuryl),0.09,-0.13,0.20,-0.33
"l-(2,5-dimethylpyrryl)",0.49,0.38,0.52,-0.14
1-cyclohexenyl,-0.10,-0.08,-0.07,-0.01
cyclohexyl,-0.05,-0.15,0.03,-0.18
N(C3H7)2,-0.26,-0.93,0.06,-0.99
(CH2)4NMe2,-0.08,-0.16,-0.01,-0.15
PO(isopropyl)2,0.37,0.41,0.36,0.05
P(isopropyl)2,0.02,0.06,0.04,0.02
P(0)(OPr)2,0.38,0.50,0.33,0.17
Ge(Et)3,0.00,0.00,0.03,-0.03
(CH2)3N(Me)3+,0.06,-0.01,0.12,-0.13
Si(OEt)3,0.02,0.08,0.03,0.05
P(Et)3+,0.99,0.98,0.94,0.04
Sn(Et)3,0.00,0.00,0.03,-0.03
P(=NS02CF3)(C3F7)2,1.24,1.37,1.11,0.26
Si(NMe2)3,-0.04,-0.04,0.00,-0.04
2-benzoxazolyl,0.30,0.33,0.30,0.04
2-benzthiazolyl,0.27,0.29,0.27,0.02
COCeH6,0.34,0.43,0.31,0.12
OCOC6H6,0.21,0.13,0.26,-0.13
COOC6H6,0.37,0.44,0.34,0.10
n=chc6h6,-0.08,-0.55,0.14,-0.69
ch=nc6h6,0.35,0.42,0.33,0.09
NHcoc6h6,0.02,-0.19,0.13,-0.32
coNHc6h6,0.23,0.41,0.17,0.24
C6H4-4-Me,0.06,-0.03,0.12,-0.15
ch2c6h6,-0.08,-0.09,-0.04,-0.05
N=NC6H3-5-Me-2-OH,0.27,0.31,0.26,0.05
CgH4-4-OMe,0.05,-0.08,0.13,-0.21
CH(OH)C6H6,0.00,-0.03,0.05,-0.08
ch2oc6h6,0.06,0.07,0.08,-0.01
ch2SO2c6h5,0.15,0.16,0.17,-0.01
C(Et)3,-0.07,-0.20,0.02,-0.22
(CH2)6CH3,-0.07,-0.16,0.00,-0.16
SiMe(OSi(Me)3)2,-0.02,-0.01,0.01,-0.02
CF2CF2C6H4-4-F,0.34,0.39,0.32,0.07
CsCC6H6,0.14,0.16,0.15,0.01
ch=ncoc6h6,0.39,0.51,0.34,0.17
ch=chc6h5,0.03,-0.07,0.10,-0.17
CH2Fe(CO)2(T-C6H6),-0.26,-0.49,-0.11,-0.38
CH=NNHCOC6H6,0.39,0.51,0.34,0.17
N=CHC6H4-4-OMe,-0.07,-0.54,0.15,-0.69
NHCOC6H4-4-OMe,0.09,-0.06,0.17,-0.23
SCH=NS02C6H4-4-Me,0.65,0.70,0.61,0.09
C6H4-4-Et,0.07,-0.02,0.13,-0.15
CH2CH2C6H6,-0.07,-0.12,-0.01,-0.11
N=C(Me)NHC6H6,0.29,0.08,0.38,-0.30
Si(C6H6)(Me)2,0.04,0.07,0.06,0.01
S(Me)=NS02C6H4-4-Me,0.65,0.70,0.61,0.09
"2,4,6-trimethylpyridinium",0.62,0.58,0.61,-0.03
PO(CMe3)2,0.31,0.41,0.28,0.13
PO(C4H9)2,0.35,0.49,0.30,0.19
PO(OC4H9)2,0.41,0.57,0.35,0.22
P(CMe3)2,0.01,0.15,-0.01,0.16
C6H5Cr(CO)3,0.29,0.14,0.36,-0.22
2-benzo-4-thiopyronyl,0.34,0.35,0.34,0.01
2-(benzothiopyronyl),0.48,0.45,0.48,-0.03
"2-(benzo-1,4-pyronyl)",0.41,0.40,0.41,-0.01
CH=CHC0C6H4-4-N02,0.15,0.05,0.21,-0.16
CH2Mo(CO)3(C6H6),-0.21,-0.45,-0.07,-0.38
ch=chcoc6h5,0.18,0.05,0.25,-0.20
CgH4-4-CHMe2,0.08,0.01,0.13,-0.12
Si(OSiMe3)3,-0.09,-0.01,-0.08,0.07
ferrocenyl,-0.15,-0.18,-0.09,-0.09
ferricenium+,0.29,0.29,0.30,-0.01
ferrocenonium+,0.05,0.29,-0.01,0.30
CgH4-4-CMe3,0.07,0.01,0.12,-an
1-adamantyl,-0.12,-0.13,-0.07,-0.06
1-dibenzarsenyl,0.19,0.13,0.23,-0.10
1-dibenzoarsoxyl,0.17,0.09,0.22,-0.13
1-dibenzoarsazinyl,0.14,0.09,0.18,-0.09
As(C6H5)2,0.03,0.09,0.04,0.05
AsO(C6H6)2,0.54,0.64,0.49,0.15
P(C6H6)2(BCl3),0.67,0.72,0.62,0.10
N(C6H6)2,0.00,-0.22,0.12,-0.34
PO(C6H5)2,0.38,0.53,0.32,0.21
P(C6H6)2,0.11,0.19,0.10,0.09
PS(C6H6)2,0.29,0.47,0.23,0.24
P(N(C3H7)2)C6H4-3-F,0.20,0.24,0.20,0.04
等待,0.37,0.38,0.37,0.01
等待,0.38,0.38,0.38,0.00
等待,0.17,0.21,0.17,0.04
CH(C6H6)2,-0.03,-0.05,0.01,-0.06
CCO*i等待,0.12,0.07,0.16,-0.09
CH3PO(CgHj)CgH4-4-Me,0.13,0.30,0.09,0.21
CH2PO(CeH6)2,0.14,0.01,0.21,-0.20
PS(CgHg)CgH4-4-Me,0.09,0.30,0.03,0.27
P+(Me)(CeH5)2,1.13,1.18,1.04,0.14
Si(Me)(C6H6)2,0.10,0.13,0.11,0.02
COOCH(C6H6)2,0.36,0.56,0.28,0.28
PO(C6H4-4-Me)2,0.17,0.30,0.14,0.16
PS(C6H4-4-Me)2,0.20,0.23,0.20,0.03
P+(Me)(C6H6)(CgH4-4-Me),1.09,1.11,1.02,0.09
P+(Me)(C6H4-4-Me)2,1.13,1.18,1.04,1.14
Ge(C6H6)3,0.05,0.08,0.07,0.01
"2-methyl-4,6-diphenylpyridinium",0.65,0.70,0.61,0.09
N=P(CgHg)g,-0.33,-0.77,-0.10,-0.67
Si(CgH6)3,-0.03,0.10,-0.04,0.14
Sn(C6H5)3,(0.53),(0.27),(0.62),(-0.35)
C(CgH6)3,-0.01,0.02,0.01,0.01
"2,4,6-triphenylpyridinium",0.34,0.33,0.35,-0.02